ts_code,name,area,industry,market,list_date,l1_name,l2_name,l3_name,first_date,last_date,days
600000.SH,浦发银行,上海,银行,主板,19991110,银行,股份制银行Ⅱ,股份制银行Ⅲ,2020-04-03,2026-08-31,1555
600741.SH,华域汽车,上海,汽车配件,主板,19960826,汽车,汽车零部件,车身附件及饰件,2020-04-03,2026-08-31,1555
601601.SH,中国太保,上海,保险,主板,20071225,非银金融,保险Ⅱ,保险Ⅲ,2020-04-03,2026-08-31,1555
601600.SH,中国铝业,北京,铝,主板,20070430,有色金属,工业金属,铝,2020-04-03,2026-08-31,1555
601398.SH,工商银行,北京,银行,主板,20061027,银行,国有大型银行Ⅱ,国有大型银行Ⅲ,2020-04-03,2026-08-31,1555
601390.SH,中国中铁,北京,建筑工程,主板,20071203,建筑装饰,基础建设,基建市政工程,2020-04-03,2026-08-31,1555
601360.SH,三六零,天津,互联网,主板,20120116,计算机,软件开发,横向通用软件,2020-04-03,2026-08-31,1555
601336.SH,新华保险,北京,保险,主板,20111216,非银金融,保险Ⅱ,保险Ⅲ,2020-04-03,2026-08-31,1555
601328.SH,交通银行,上海,银行,主板,20070515,银行,国有大型银行Ⅱ,国有大型银行Ⅲ,2020-04-03,2026-08-31,1555
601319.SH,中国人保,北京,保险,主板,20181116,非银金融,保险Ⅱ,保险Ⅲ,2020-04-03,2026-08-31,1555
601318.SH,中国平安,深圳,保险,主板,20070301,非银金融,保险Ⅱ,保险Ⅲ,2020-04-03,2026-08-31,1555
601288.SH,农业银行,北京,银行,主板,20100715,银行,国有大型银行Ⅱ,国有大型银行Ⅲ,2020-04-03,2026-08-31,1555
601238.SH,广汽集团,广东,汽车整车,主板,20120329,汽车,乘用车,综合乘用车,2020-04-03,2026-08-31,1555
601229.SH,上海银行,上海,银行,主板,20161116,银行,城商行Ⅱ,城商行Ⅲ,2020-04-03,2026-08-31,1555
601225.SH,陕西煤业,陕西,煤炭开采,主板,20140128,煤炭,煤炭开采,动力煤,2020-04-03,2026-08-31,1555
601186.SH,中国铁建,北京,建筑工程,主板,20080310,建筑装饰,基础建设,基建市政工程,2020-04-03,2026-08-31,1555
601169.SH,北京银行,北京,银行,主板,20070919,银行,城商行Ⅱ,城商行Ⅲ,2020-04-03,2026-08-31,1555
601138.SH,工业富联,深圳,通信设备,主板,20180608,电子,消费电子,消费电子零部件及组装,2020-04-03,2026-08-31,1555
601066.SH,中信建投,北京,证券,主板,20180620,非银金融,证券Ⅱ,证券Ⅲ,2020-04-03,2026-08-31,1555
601021.SH,春秋航空,上海,空运,主板,20150121,交通运输,航空机场,航空运输,2020-04-03,2026-08-31,1555
601012.SH,隆基绿能,陕西,电气设备,主板,20120411,电力设备,光伏设备,光伏电池组件,2020-04-03,2026-08-31,1555
601009.SH,南京银行,江苏,银行,主板,20070719,银行,城商行Ⅱ,城商行Ⅲ,2020-04-03,2026-08-31,1555
601006.SH,大秦铁路,山西,铁路,主板,20060801,交通运输,铁路公路,铁路运输,2020-04-03,2026-08-31,1555
600989.SH,宝丰能源,宁夏,化工原料,主板,20190516,基础化工,化学原料,煤化工,2020-04-03,2026-08-31,1555
600926.SH,杭州银行,浙江,银行,主板,20161027,银行,城商行Ⅱ,城商行Ⅲ,2020-04-03,2026-08-31,1555
600887.SH,伊利股份,内蒙,乳制品,主板,19960312,食品饮料,饮料乳品,乳品,2020-04-03,2026-08-31,1555
600886.SH,国投电力,北京,水力发电,主板,19960118,公用事业,电力,水力发电,2020-04-03,2026-08-31,1555
600809.SH,山西汾酒,山西,白酒,主板,19940106,食品饮料,白酒Ⅱ,白酒Ⅲ,2020-04-03,2026-08-31,1555
600795.SH,国电电力,辽宁,火力发电,主板,19970318,公用事业,电力,火力发电,2020-04-03,2026-08-31,1555
601618.SH,中国中冶,北京,建筑工程,主板,20090921,建筑装饰,专业工程,其他专业工程,2020-04-03,2026-08-31,1555
601628.SH,中国人寿,北京,保险,主板,20070109,非银金融,保险Ⅱ,保险Ⅲ,2020-04-03,2026-08-31,1555
601633.SH,长城汽车,河北,汽车整车,主板,20110928,汽车,乘用车,综合乘用车,2020-04-03,2026-08-31,1555
601899.SH,紫金矿业,福建,铜,主板,20080425,有色金属,工业金属,铜,2020-04-03,2026-08-31,1555
603993.SH,洛阳钼业,河南,小金属,主板,20121009,有色金属,工业金属,铜,2020-04-03,2026-08-31,1555
603986.SH,兆易创新,北京,半导体,主板,20160818,电子,半导体,数字芯片设计,2020-04-03,2026-08-31,1555
603799.SH,华友钴业,浙江,小金属,主板,20150129,有色金属,能源金属,钴,2020-04-03,2026-08-31,1555
603501.SH,豪威集团,上海,半导体,主板,20170504,电子,半导体,数字芯片设计,2020-04-03,2026-08-31,1555
603288.SH,海天味业,广东,食品,主板,20140211,食品饮料,调味发酵品Ⅱ,调味发酵品Ⅲ,2020-04-03,2026-08-31,1555
603259.SH,药明康德,江苏,化学制药,主板,20180508,医药生物,医疗服务,医疗研发外包,2020-04-03,2026-08-31,1555
601998.SH,中信银行,北京,银行,主板,20070427,银行,股份制银行Ⅱ,股份制银行Ⅲ,2020-04-03,2026-08-31,1555
601988.SH,中国银行,北京,银行,主板,20060705,银行,国有大型银行Ⅱ,国有大型银行Ⅲ,2020-04-03,2026-08-31,1555
601985.SH,中国核电,北京,新型电力,主板,20150610,公用事业,电力,核力发电,2020-04-03,2026-08-31,1555
601939.SH,建设银行,北京,银行,主板,20070925,银行,国有大型银行Ⅱ,国有大型银行Ⅲ,2020-04-03,2026-08-31,1555
601919.SH,中远海控,天津,水运,主板,20070626,交通运输,航运港口,航运,2020-04-03,2026-08-31,1555
601901.SH,方正证券,湖南,证券,主板,20110810,非银金融,证券Ⅱ,证券Ⅲ,2020-04-03,2026-08-31,1555
601888.SH,中国中免,北京,旅游服务,主板,20091015,商贸零售,旅游零售Ⅱ,旅游零售Ⅲ,2020-04-03,2026-08-31,1555
601668.SH,中国建筑,北京,建筑工程,主板,20090729,建筑装饰,房屋建设Ⅱ,房屋建设Ⅲ,2020-04-03,2026-08-31,1555
601881.SH,中国银河,北京,证券,主板,20170123,非银金融,证券Ⅱ,证券Ⅲ,2020-04-03,2026-08-31,1555
601878.SH,浙商证券,浙江,证券,主板,20170626,非银金融,证券Ⅱ,证券Ⅲ,2020-04-03,2026-08-31,1555
601877.SH,正泰电器,浙江,电气设备,主板,20100121,电力设备,电网设备,配电设备,2020-04-03,2026-08-31,1555
601857.SH,中国石油,北京,石油开采,主板,20071105,石油石化,炼化及贸易,炼油化工,2020-04-03,2026-08-31,1555
601838.SH,成都银行,四川,银行,主板,20180131,银行,城商行Ⅱ,城商行Ⅲ,2020-04-03,2026-08-31,1555
601818.SH,光大银行,北京,银行,主板,20100818,银行,股份制银行Ⅱ,股份制银行Ⅲ,2020-04-03,2026-08-31,1555
601800.SH,中国交建,北京,建筑工程,主板,20120309,建筑装饰,基础建设,基建市政工程,2020-04-03,2026-08-31,1555
601788.SH,光大证券,上海,证券,主板,20090818,非银金融,证券Ⅱ,证券Ⅲ,2020-04-03,2026-08-31,1555
601766.SH,中国中车,北京,运输设备,主板,20080818,机械设备,轨交设备Ⅱ,轨交设备Ⅲ,2020-04-03,2026-08-31,1555
601698.SH,中国卫通,北京,电信运营,主板,20190628,国防军工,航天装备Ⅱ,航天装备Ⅲ,2020-04-03,2026-08-31,1555
601688.SH,华泰证券,江苏,证券,主板,20100226,非银金融,证券Ⅱ,证券Ⅲ,2020-04-03,2026-08-31,1555
601669.SH,中国电建,北京,建筑工程,主板,20111018,建筑装饰,基础建设,基建市政工程,2020-04-03,2026-08-31,1555
600760.SH,中航沈飞,山东,航空,主板,19961011,国防军工,航空装备Ⅱ,航空装备Ⅲ,2020-04-03,2026-08-31,1555
601166.SH,兴业银行,福建,银行,主板,20070205,银行,股份制银行Ⅱ,股份制银行Ⅲ,2020-04-03,2026-08-31,1555
600362.SH,江西铜业,江西,铜,主板,20020111,有色金属,工业金属,铜,2020-04-03,2026-08-31,1555
600115.SH,中国东航,上海,空运,主板,19971105,交通运输,航空机场,航空运输,2020-04-03,2026-08-31,1555
600436.SH,片仔癀,福建,中成药,主板,20030616,医药生物,中药Ⅱ,中药Ⅲ,2020-04-03,2026-08-31,1555
600406.SH,国电南瑞,江苏,电气设备,主板,20031016,电力设备,电网设备,电网自动化设备,2020-04-03,2026-08-31,1555
600025.SH,华能水电,云南,水力发电,主板,20171215,公用事业,电力,水力发电,2020-04-03,2026-08-31,1555
600346.SH,恒力石化,辽宁,石油加工,主板,20010820,石油石化,炼化及贸易,炼油化工,2020-04-03,2026-08-31,1555
600309.SH,万华化学,山东,化工原料,主板,20010105,基础化工,化学制品,聚氨酯,2020-04-03,2026-08-31,1555
600276.SH,恒瑞医药,江苏,化学制药,主板,20001018,医药生物,化学制药,化学制剂,2020-04-03,2026-08-31,1555
600196.SH,复星医药,上海,化学制药,主板,19980807,医药生物,化学制药,化学制剂,2020-04-03,2026-08-31,1555
600183.SH,生益科技,广东,元器件,主板,19981028,电子,元件,印制电路板,2020-04-03,2026-08-31,1555
600015.SH,华夏银行,北京,银行,主板,20030912,银行,股份制银行Ⅱ,股份制银行Ⅲ,2020-04-03,2026-08-31,1555
600016.SH,民生银行,北京,银行,主板,20001219,银行,股份制银行Ⅱ,股份制银行Ⅲ,2020-04-03,2026-08-31,1555
600018.SH,上港集团,上海,港口,主板,20061026,交通运输,航运港口,港口,2020-04-03,2026-08-31,1555
600010.SH,包钢股份,内蒙,普钢,主板,20010309,钢铁,普钢,板材,2020-04-03,2026-08-31,1555
600111.SH,北方稀土,内蒙,小金属,主板,19970924,有色金属,小金属,稀土,2020-04-03,2026-08-31,1555
600104.SH,上汽集团,上海,汽车整车,主板,19971125,汽车,乘用车,综合乘用车,2020-04-03,2026-08-31,1555
600085.SH,同仁堂,北京,中成药,主板,19970625,医药生物,中药Ⅱ,中药Ⅲ,2020-04-03,2026-08-31,1555
600061.SH,国投资本,上海,证券,主板,19970519,非银金融,证券Ⅱ,证券Ⅲ,2020-04-03,2026-08-31,1555
600050.SH,中国联通,北京,电信运营,主板,20021009,通信,通信服务,电信运营商,2020-04-03,2026-08-31,1555
600019.SH,宝钢股份,上海,普钢,主板,20001212,钢铁,普钢,板材,2020-04-03,2026-08-31,1555
600048.SH,保利发展,广东,全国地产,主板,20060731,房地产,房地产开发,住宅开发,2020-04-03,2026-08-31,1555
600036.SH,招商银行,深圳,银行,主板,20020409,银行,股份制银行Ⅱ,股份制银行Ⅲ,2020-04-03,2026-08-31,1555
600031.SH,三一重工,北京,工程机械,主板,20030703,机械设备,工程机械,工程机械整机,2020-04-03,2026-08-31,1555
600029.SH,南方航空,广东,空运,主板,20030725,交通运输,航空机场,航空运输,2020-04-03,2026-08-31,1555
600011.SH,华能国际,北京,火力发电,主板,20011206,公用事业,电力,火力发电,2020-04-03,2026-08-31,1555
600028.SH,中国石化,北京,石油加工,主板,20010808,石油石化,炼化及贸易,炼油化工,2020-04-03,2026-08-31,1555
600519.SH,贵州茅台,贵州,白酒,主板,20010827,食品饮料,白酒Ⅱ,白酒Ⅲ,2020-04-03,2026-08-31,1555
600660.SH,福耀玻璃,福建,汽车配件,主板,19930610,汽车,汽车零部件,车身附件及饰件,2020-04-03,2026-08-31,1555
600585.SH,海螺水泥,安徽,水泥,主板,20020207,建筑材料,水泥,水泥制造,2020-04-03,2026-08-31,1555
600570.SH,恒生电子,浙江,软件服务,主板,20031216,计算机,软件开发,垂直应用软件,2020-04-03,2026-08-31,1555
600588.SH,用友网络,北京,软件服务,主板,20010518,计算机,软件开发,横向通用软件,2020-04-03,2026-08-31,1555
601111.SH,中国国航,北京,空运,主板,20060818,交通运输,航空机场,航空运输,2020-04-03,2026-08-31,1554
600547.SH,山东黄金,山东,黄金,主板,20030828,有色金属,贵金属,黄金,2020-04-03,2026-08-31,1554
600893.SH,航发动力,陕西,航空,主板,19960408,国防军工,航空装备Ⅱ,航空装备Ⅲ,2020-04-03,2026-08-31,1554
600690.SH,海尔智家,山东,家用电器,主板,19931119,家用电器,白色家电,冰洗,2020-04-03,2026-08-31,1553
600919.SH,江苏银行,江苏,银行,主板,20160802,银行,城商行Ⅱ,城商行Ⅲ,2020-04-03,2026-08-31,1549
600999.SH,招商证券,深圳,证券,主板,20091117,非银金融,证券Ⅱ,证券Ⅲ,2020-04-03,2026-08-31,1549
601377.SH,兴业证券,福建,证券,主板,20101013,非银金融,证券Ⅱ,证券Ⅲ,2020-04-03,2026-08-31,1549
600030.SH,中信证券,深圳,证券,主板,20030106,非银金融,证券Ⅱ,证券Ⅲ,2020-04-03,2026-08-31,1549
600176.SH,中国巨石,浙江,玻璃,主板,19990422,建筑材料,玻璃玻纤,玻纤制造,2020-04-03,2026-08-31,1545
600438.SH,通威股份,四川,电气设备,主板,20040302,电力设备,光伏设备,硅料硅片,2020-04-03,2026-08-31,1545
603019.SH,中科曙光,天津,IT设备,主板,20141106,计算机,计算机设备,其他计算机设备,2020-04-03,2026-08-31,1545
601088.SH,中国神华,北京,煤炭开采,主板,20071009,煤炭,煤炭开采,动力煤,2020-04-03,2026-08-31,1545
600900.SH,长江电力,北京,水力发电,主板,20031118,公用事业,电力,水力发电,2020-04-03,2026-08-31,1544
600009.SH,上海机场,上海,机场,主板,19980218,交通运输,航空机场,机场,2020-04-03,2026-08-31,1544
600958.SH,东方证券,上海,证券,主板,20150323,非银金融,证券Ⅱ,证券Ⅲ,2020-04-03,2026-08-31,1539
601211.SH,国泰海通,上海,证券,主板,20150626,非银金融,证券Ⅱ,证券Ⅲ,2020-04-03,2026-08-31,1536
603369.SH,今世缘,江苏,白酒,主板,20140703,食品饮料,白酒Ⅱ,白酒Ⅲ,2020-06-30,2026-08-31,1499
601100.SH,恒立液压,江苏,工程机械,主板,20111028,机械设备,工程机械,工程机械器件,2020-06-30,2026-08-31,1499
601816.SH,京沪高铁,北京,铁路,主板,20200116,交通运输,铁路公路,铁路运输,2020-06-30,2026-08-31,1499
601658.SH,邮储银行,北京,银行,主板,20191210,银行,国有大型银行Ⅱ,国有大型银行Ⅲ,2020-06-30,2026-08-31,1499
601808.SH,中海油服,天津,石油开采,主板,20070928,石油石化,油服工程,油田服务,2020-04-03,2026-06-01,1491
601236.SH,红塔证券,云南,证券,主板,20190705,非银金融,证券Ⅱ,证券Ⅲ,2020-04-03,2026-06-01,1485
600918.SH,中泰证券,山东,证券,主板,20200603,非银金融,证券Ⅱ,证券Ⅲ,2020-12-31,2026-08-31,1373
600600.SH,青岛啤酒,山东,啤酒,主板,19930827,食品饮料,非白酒,啤酒,2020-12-31,2026-08-31,1373
603392.SH,万泰生物,北京,生物制药,主板,20200429,医药生物,医疗器械,体外诊断,2020-12-31,2026-08-31,1373
600332.SH,白云山,广东,中成药,主板,20010206,医药生物,中药Ⅱ,中药Ⅲ,2020-04-03,2025-12-01,1373
688036.SH,传音控股,深圳,通信设备,科创板,20190930,电子,消费电子,品牌消费电子,2020-12-31,2026-08-31,1373
603833.SH,欧派家居,广东,家居用品,主板,20170328,轻工制造,家居用品,定制家居,2020-04-03,2025-12-01,1373
688008.SH,澜起科技,上海,半导体,科创板,20190722,电子,半导体,数字芯片设计,2020-12-31,2026-08-31,1373
600845.SH,宝信软件,上海,软件服务,主板,19940311,计算机,IT服务Ⅱ,IT服务Ⅲ,2020-12-31,2026-08-31,1372
600584.SH,长电科技,江苏,半导体,主板,20030603,电子,半导体,集成电路封测,2020-12-31,2026-08-31,1368
688012.SH,中微公司,上海,半导体,科创板,20190722,电子,半导体,半导体设备,2020-12-31,2026-08-31,1364
600150.SH,中国船舶,上海,船舶,主板,19980520,国防军工,航海装备Ⅱ,航海装备Ⅲ,2020-12-31,2026-08-31,1359
603195.SH,公牛集团,浙江,家用电器,主板,20200206,轻工制造,家居用品,其他家居用品,2020-12-31,2026-06-01,1309
601117.SH,中国化学,北京,建筑工程,主板,20100107,建筑装饰,专业工程,化学工程,2020-04-03,2026-08-31,1294
600489.SH,中金黄金,北京,黄金,主板,20030814,有色金属,贵金属,黄金,2020-04-03,2026-08-31,1293
601607.SH,上海医药,上海,医药商业,主板,19940324,医药生物,医药商业,医药流通,2020-04-03,2026-08-31,1293
600233.SH,圆通速递,辽宁,仓储物流,主板,20000608,交通运输,物流,快递,2020-04-03,2026-08-31,1292
601898.SH,中煤能源,北京,煤炭开采,主板,20080201,煤炭,煤炭开采,动力煤,2020-04-03,2026-08-31,1291
603260.SH,合盛硅业,浙江,化工原料,主板,20171030,基础化工,化学制品,有机硅,2020-04-03,2026-08-31,1291
688396.SH,华润微,江苏,半导体,科创板,20200227,电子,半导体,集成电路制造,2021-06-30,2026-08-31,1255
688111.SH,金山办公,北京,软件服务,科创板,20191118,计算机,软件开发,横向通用软件,2021-06-30,2026-08-31,1255
600426.SH,华鲁恒升,山东,农药化肥,主板,20020620,基础化工,农化制品,氮肥,2021-06-30,2026-08-31,1255
688126.SH,沪硅产业,上海,半导体,科创板,20200420,电子,半导体,半导体材料,2021-06-30,2026-08-31,1245
601916.SH,浙商银行,浙江,银行,主板,20191126,银行,股份制银行Ⅱ,股份制银行Ⅲ,2020-06-30,2026-08-31,1237
601995.SH,中金公司,北京,证券,主板,20201102,非银金融,证券Ⅱ,证券Ⅲ,2021-06-30,2026-08-31,1235
600745.SH,*ST闻泰,湖北,半导体,主板,19960828,电子,半导体,分立器件,2020-06-30,2025-06-03,1194
600188.SH,兖矿能源,山东,煤炭开采,主板,19980701,煤炭,煤炭开采,动力煤,2020-04-03,2026-08-31,1174
600089.SH,特变电工,新疆,电气设备,主板,19970618,电力设备,电网设备,输变电设备,2020-04-03,2026-08-31,1174
600219.SH,南山铝业,山东,铝,主板,19991223,有色金属,工业金属,铝,2020-04-03,2026-08-31,1174
603899.SH,晨光股份,上海,文教休闲,主板,20150127,轻工制造,文娱用品,文化用品,2020-04-03,2024-12-02,1131
605499.SH,东鹏饮料,深圳,软饮料,主板,20210527,食品饮料,饮料乳品,软饮料,2021-12-31,2026-08-31,1130
601728.SH,中国电信,北京,电信运营,主板,20210820,通信,通信服务,电信运营商,2021-12-31,2026-08-31,1130
600905.SH,三峡能源,北京,新型电力,主板,20210610,公用事业,电力,风力发电,2021-12-31,2026-08-31,1130
601868.SH,中国能建,北京,建筑工程,主板,20210928,建筑装饰,基础建设,基建市政工程,2021-12-31,2026-08-31,1130
688981.SH,中芯国际,上海,半导体,科创板,20200716,电子,半导体,集成电路制造,2021-12-31,2026-08-31,1124
601799.SH,星宇股份,江苏,汽车配件,主板,20110201,汽车,汽车零部件,车身附件及饰件,2021-06-30,2025-12-01,1073
603806.SH,福斯特,浙江,塑料,主板,20140905,电力设备,光伏设备,光伏辅材,2021-06-30,2025-12-01,1073
600674.SH,川投能源,四川,水力发电,主板,19930924,公用事业,电力,水力发电,2020-04-03,2026-08-31,1049
600941.SH,中国移动,北京,电信运营,主板,20220105,通信,通信服务,电信运营商,2022-06-30,2026-08-31,1013
600460.SH,士兰微,浙江,半导体,主板,20030311,电子,半导体,分立器件,2022-06-30,2026-08-31,1013
601872.SH,招商轮船,上海,水运,主板,20061201,交通运输,航运港口,航运,2020-12-31,2026-08-31,992
603659.SH,璞泰来,上海,化工原料,主板,20171103,电力设备,电池,电池化学品,2021-06-30,2025-06-03,950
601865.SH,福莱特,浙江,玻璃,主板,20190215,电力设备,光伏设备,光伏辅材,2021-12-31,2025-12-01,948
688599.SH,天合光能,江苏,电气设备,科创板,20200610,电力设备,光伏设备,光伏电池组件,2021-12-31,2025-12-01,948
600161.SH,天坛生物,北京,生物制药,主板,19980616,医药生物,生物制品,血液制品,2020-12-31,2026-06-01,930
601689.SH,拓普集团,浙江,汽车配件,主板,20150319,汽车,汽车零部件,底盘与发动机系统,2022-12-30,2026-08-31,888
688303.SH,大全能源,新疆,电气设备,科创板,20210722,电力设备,光伏设备,硅料硅片,2022-12-30,2026-08-31,888
605117.SH,德业股份,浙江,电气设备,主板,20210420,电力设备,光伏设备,逆变器,2022-12-30,2026-08-31,888
600039.SH,四川路桥,四川,建筑工程,主板,20030325,建筑装饰,基础建设,基建市政工程,2022-12-30,2026-08-31,888
600803.SH,新奥股份,河北,供气供热,主板,19940103,公用事业,燃气Ⅱ,燃气Ⅲ,2022-12-30,2026-08-31,882
688009.SH,中国通号,北京,运输设备,科创板,20190722,机械设备,轨交设备Ⅱ,轨交设备Ⅲ,2020-12-31,2026-08-31,870
600132.SH,重庆啤酒,重庆,啤酒,主板,19971030,食品饮料,非白酒,啤酒,2021-06-30,2024-12-02,831
688363.SH,华熙生物,山东,医疗保健,科创板,20191106,美容护理,医疗美容,医美耗材,2021-06-30,2024-12-02,831
688187.SH,时代电气,湖南,运输设备,科创板,20210907,机械设备,轨交设备Ⅱ,轨交设备Ⅲ,2022-12-30,2026-06-01,824
600372.SH,中航机载,北京,航空,主板,20010706,国防军工,航空装备Ⅱ,航空装备Ⅲ,2020-04-03,2026-08-31,807
600027.SH,华电国际,山东,火力发电,主板,20050203,公用事业,电力,火力发电,2020-04-03,2026-08-31,800
688223.SH,晶科能源,江西,电气设备,科创板,20220126,电力设备,光伏设备,光伏电池组件,2023-06-30,2026-08-31,770
600875.SH,东方电气,四川,电气设备,主板,19951010,电力设备,其他电源设备Ⅱ,综合电力设备商,2023-06-30,2026-08-31,770
600023.SH,浙能电力,浙江,火力发电,主板,20131219,公用事业,电力,火力发电,2020-04-03,2026-08-31,689
688271.SH,联影医疗,上海,医疗保健,科创板,20220822,医药生物,医疗器械,医疗设备,2023-12-29,2026-08-31,646
688256.SH,寒武纪,北京,半导体,科创板,20200720,电子,半导体,数字芯片设计,2023-12-29,2026-08-31,646
600515.SH,海南机场,海南,机场,主板,20020806,房地产,房地产开发,住宅开发,2023-12-29,2026-08-31,646
600938.SH,中国海油,北京,石油开采,主板,20220421,石油石化,油气开采Ⅱ,油气开采Ⅲ,2023-12-29,2026-08-31,646
688041.SH,海光信息,天津,半导体,科创板,20220812,电子,半导体,数字芯片设计,2023-12-29,2026-08-31,636
601059.SH,信达证券,北京,证券,主板,20230201,非银金融,证券Ⅱ,证券Ⅲ,2023-12-29,2026-08-31,626
601699.SH,潞安环能,山西,煤炭开采,主板,20060922,煤炭,煤炭开采,焦煤,2023-06-30,2025-12-01,588
688082.SH,盛美上海,上海,半导体,科创板,20211118,电子,半导体,半导体设备,2024-06-28,2026-08-31,529
600415.SH,小商品城,浙江,商品城,主板,20020509,商贸零售,一般零售,商业物业经营,2024-06-28,2026-08-31,529
603296.SH,华勤技术,上海,元器件,主板,20230808,电子,消费电子,消费电子零部件及组装,2024-06-28,2026-08-31,529
600026.SH,中远海能,上海,水运,主板,20020523,交通运输,航运港口,航运,2024-06-28,2026-08-31,529
600732.SH,爱旭股份,上海,电气设备,主板,19960816,电力设备,光伏设备,光伏电池组件,2023-06-30,2024-12-02,346
